case,np,nt,run,class_name,timer_name,time_sec,calls,avg_sec,percentage
001_PW_UPF100_Al,1,1,1,ESolver_KS_PW,before_scf,0.07,1,0.07,1.6
001_PW_UPF100_Al,1,1,1,DiagoIterAssist,diag_subspace,0.18,58,0.0,3.9
001_PW_UPF100_Al,1,1,1,Operator,hPsi,0.73,2786,0.0,15.91
001_PW_UPF100_Al,1,1,1,PW_Basis_K,recip2real,0.43,4204,0.0,9.4
001_PW_UPF100_Al,1,1,1,PW_Basis_K,real2recip,0.33,3448,0.0,7.29
001_PW_UPF100_Al,1,1,1,DiagoCG,diag_once,0.6,63,0.01,13.11
001_PW_UPF100_Al,1,1,2,DiagoIterAssist,diag_subspace,0.17,58,0.0,4.59
001_PW_UPF100_Al,1,1,2,Operator,hPsi,0.78,2786,0.0,20.49
001_PW_UPF100_Al,1,1,2,PW_Basis_K,recip2real,0.46,4204,0.0,12.05
001_PW_UPF100_Al,1,1,2,PW_Basis_K,real2recip,0.36,3448,0.0,9.48
001_PW_UPF100_Al,1,1,2,DiagoCG,diag_once,0.64,63,0.01,16.89
001_PW_UPF100_Al,1,1,3,PW_Basis_Sup,recip2real,0.03,150,0.0,1.02
001_PW_UPF100_Al,1,1,3,ESolver_KS_PW,before_scf,0.04,1,0.04,1.32
001_PW_UPF100_Al,1,1,3,PW_Basis_Sup,real2recip,0.03,191,0.0,1.09
001_PW_UPF100_Al,1,1,3,DiagoIterAssist,diag_subspace,0.17,58,0.0,5.4
001_PW_UPF100_Al,1,1,3,Operator,hPsi,0.75,2786,0.0,23.99
001_PW_UPF100_Al,1,1,3,PW_Basis_K,recip2real,0.45,4204,0.0,14.21
001_PW_UPF100_Al,1,1,3,PW_Basis_K,real2recip,0.34,3448,0.0,10.99
001_PW_UPF100_Al,1,1,3,DiagoCG,diag_once,0.62,63,0.01,19.77
001_PW_UPF100_Al,2,4,1,DiagoIterAssist,diag_subspace,0.11,58,0.0,4.34
001_PW_UPF100_Al,2,4,1,Operator,hPsi,0.57,3576,0.0,23.18
001_PW_UPF100_Al,2,4,1,PW_Basis_K,recip2real,0.31,4994,0.0,12.74
001_PW_UPF100_Al,2,4,1,PW_Basis_K,real2recip,0.26,4238,0.0,10.47
001_PW_UPF100_Al,2,4,1,DiagoCG,diag_once,0.56,63,0.01,22.77
001_PW_UPF100_Al,2,4,2,PW_Basis_Sup,real2recip,0.02,191,0.0,1.18
001_PW_UPF100_Al,2,4,2,DiagoIterAssist,diag_subspace,0.11,59,0.0,5.76
001_PW_UPF100_Al,2,4,2,Operator,hPsi,0.56,3343,0.0,30.21
001_PW_UPF100_Al,2,4,2,PW_Basis_K,recip2real,0.32,4772,0.0,17.46
001_PW_UPF100_Al,2,4,2,PW_Basis_K,real2recip,0.24,4016,0.0,12.97
001_PW_UPF100_Al,2,4,2,DiagoCG,diag_once,0.54,64,0.01,29.4
001_PW_UPF100_Al,2,4,3,DiagoIterAssist,diag_subspace,0.1,59,0.0,3.85
001_PW_UPF100_Al,2,4,3,Operator,hPsi,0.67,4166,0.0,24.69
001_PW_UPF100_Al,2,4,3,PW_Basis_K,recip2real,0.37,5595,0.0,13.56
001_PW_UPF100_Al,2,4,3,PW_Basis_K,real2recip,0.3,4839,0.0,11.03
001_PW_UPF100_Al,2,4,3,DiagoCG,diag_once,0.68,64,0.01,24.88
001_PW_UPF100_Al,4,1,1,ESolver_KS_PW,before_scf,0.02,1,0.02,1.03
001_PW_UPF100_Al,4,1,1,DiagoIterAssist,diag_subspace,0.06,61,0.0,3.08
001_PW_UPF100_Al,4,1,1,Operator,hPsi,0.46,4968,0.0,22.2
001_PW_UPF100_Al,4,1,1,PW_Basis_K,recip2real,0.24,6419,0.0,11.62
001_PW_UPF100_Al,4,1,1,PW_Basis_K,real2recip,0.21,5663,0.0,10.35
001_PW_UPF100_Al,4,1,1,DiagoCG,diag_once,0.46,66,0.01,22.01
001_PW_UPF100_Al,4,1,2,ESolver_KS_PW,before_scf,0.03,1,0.03,1.44
001_PW_UPF100_Al,4,1,2,DiagoIterAssist,diag_subspace,0.06,61,0.0,3.35
001_PW_UPF100_Al,4,1,2,Operator,hPsi,0.45,4968,0.0,24.22
001_PW_UPF100_Al,4,1,2,PW_Basis_K,recip2real,0.23,6419,0.0,12.75
001_PW_UPF100_Al,4,1,2,PW_Basis_K,real2recip,0.2,5663,0.0,11.14
001_PW_UPF100_Al,4,1,2,DiagoCG,diag_once,0.45,66,0.01,24.3
001_PW_UPF100_Al,4,1,3,DiagoIterAssist,diag_subspace,0.06,61,0.0,2.56
001_PW_UPF100_Al,4,1,3,Operator,hPsi,0.44,4968,0.0,18.76
001_PW_UPF100_Al,4,1,3,PW_Basis_K,recip2real,0.23,6419,0.0,9.71
001_PW_UPF100_Al,4,1,3,PW_Basis_K,real2recip,0.2,5663,0.0,8.7
001_PW_UPF100_Al,4,1,3,DiagoCG,diag_once,0.44,66,0.01,18.69
001_PW_UPF100_Al,4,2,1,PW_Basis_Sup,recip2real,0.02,150,0.0,1.21
001_PW_UPF100_Al,4,2,1,ESolver_KS_PW,before_scf,0.04,1,0.04,2.59
001_PW_UPF100_Al,4,2,1,PW_Basis_Sup,real2recip,0.02,191,0.0,1.77
001_PW_UPF100_Al,4,2,1,DiagoIterAssist,diag_subspace,0.1,58,0.0,7.26
001_PW_UPF100_Al,4,2,1,Operator,hPsi,0.45,3012,0.0,33.58
001_PW_UPF100_Al,4,2,1,PW_Basis_K,recip2real,0.24,4430,0.0,17.88
001_PW_UPF100_Al,4,2,1,PW_Basis_K,real2recip,0.23,3674,0.0,16.67
001_PW_UPF100_Al,4,2,1,DiagoCG,diag_once,0.43,63,0.01,31.82
001_PW_UPF100_Al,4,2,2,PW_Basis_Sup,real2recip,0.02,191,0.0,1.27
001_PW_UPF100_Al,4,2,2,DiagoIterAssist,diag_subspace,0.1,58,0.0,5.78
001_PW_UPF100_Al,4,2,2,Operator,hPsi,0.52,3012,0.0,30.59
001_PW_UPF100_Al,4,2,2,PW_Basis_K,recip2real,0.28,4430,0.0,16.33
001_PW_UPF100_Al,4,2,2,PW_Basis_K,real2recip,0.25,3674,0.0,15.0
001_PW_UPF100_Al,4,2,2,DiagoCG,diag_once,0.5,63,0.01,29.16
001_PW_UPF100_Al,4,2,3,PW_Basis_Sup,recip2real,0.02,150,0.0,1.09
001_PW_UPF100_Al,4,2,3,PW_Basis_Sup,real2recip,0.02,191,0.0,1.27
001_PW_UPF100_Al,4,2,3,DiagoIterAssist,diag_subspace,0.11,58,0.0,6.4
001_PW_UPF100_Al,4,2,3,Operator,hPsi,0.52,3012,0.0,31.43
001_PW_UPF100_Al,4,2,3,PW_Basis_K,recip2real,0.28,4430,0.0,16.9
001_PW_UPF100_Al,4,2,3,PW_Basis_K,real2recip,0.25,3674,0.0,15.25
001_PW_UPF100_Al,4,2,3,DiagoCG,diag_once,0.49,63,0.01,29.39
004_PW_UPF201_Si,1,1,1,ESolver_KS_PW,before_scf,0.12,1,0.12,1.68
004_PW_UPF201_Si,1,1,1,Operator,hPsi,3.09,5555,0.0,41.99
004_PW_UPF201_Si,1,1,1,PW_Basis_K,recip2real,1.6,6221,0.0,21.76
004_PW_UPF201_Si,1,1,1,PW_Basis_K,real2recip,1.39,5861,0.0,18.96
004_PW_UPF201_Si,1,1,1,DiagoCG,diag_once,3.01,60,0.05,40.9
004_PW_UPF201_Si,1,1,1,DiagoIterAssist,diag_subspace,0.21,57,0.0,2.83
004_PW_UPF201_Si,1,1,2,ESolver_KS_PW,before_scf,0.06,1,0.06,1.01
004_PW_UPF201_Si,1,1,2,Operator,hPsi,3.1,5555,0.0,50.28
004_PW_UPF201_Si,1,1,2,PW_Basis_K,recip2real,1.61,6221,0.0,26.08
004_PW_UPF201_Si,1,1,2,PW_Basis_K,real2recip,1.39,5861,0.0,22.63
004_PW_UPF201_Si,1,1,2,DiagoCG,diag_once,3.02,60,0.05,48.97
004_PW_UPF201_Si,1,1,2,DiagoIterAssist,diag_subspace,0.21,57,0.0,3.43
004_PW_UPF201_Si,1,1,3,Operator,hPsi,3.14,5555,0.0,36.0
004_PW_UPF201_Si,1,1,3,PW_Basis_K,recip2real,1.62,6221,0.0,18.59
004_PW_UPF201_Si,1,1,3,PW_Basis_K,real2recip,1.42,5861,0.0,16.26
004_PW_UPF201_Si,1,1,3,DiagoCG,diag_once,3.07,60,0.05,35.19
004_PW_UPF201_Si,1,1,3,DiagoIterAssist,diag_subspace,0.21,57,0.0,2.36
004_PW_UPF201_Si,2,4,1,Operator,hPsi,2.07,5054,0.0,34.71
004_PW_UPF201_Si,2,4,1,PW_Basis_K,recip2real,1.02,5720,0.0,17.08
004_PW_UPF201_Si,2,4,1,PW_Basis_K,real2recip,0.99,5360,0.0,16.61
004_PW_UPF201_Si,2,4,1,DiagoCG,diag_once,2.17,60,0.04,36.34
004_PW_UPF201_Si,2,4,1,DiagoIterAssist,diag_subspace,0.14,57,0.0,2.31
004_PW_UPF201_Si,2,4,2,Operator,hPsi,1.31,3232,0.0,36.14
004_PW_UPF201_Si,2,4,2,PW_Basis_K,recip2real,0.65,3715,0.0,17.95
004_PW_UPF201_Si,2,4,2,PW_Basis_K,real2recip,0.62,3463,0.0,17.24
004_PW_UPF201_Si,2,4,2,DiagoCG,diag_once,1.3,45,0.03,36.09
004_PW_UPF201_Si,2,4,2,DiagoIterAssist,diag_subspace,0.1,42,0.0,2.8
004_PW_UPF201_Si,2,4,3,Operator,hPsi,2.08,5049,0.0,63.69
004_PW_UPF201_Si,2,4,3,PW_Basis_K,recip2real,1.01,5715,0.0,31.01
004_PW_UPF201_Si,2,4,3,PW_Basis_K,real2recip,1.03,5355,0.0,31.61
004_PW_UPF201_Si,2,4,3,DiagoCG,diag_once,2.13,60,0.04,65.32
004_PW_UPF201_Si,2,4,3,DiagoIterAssist,diag_subspace,0.14,57,0.0,4.35
004_PW_UPF201_Si,4,1,1,ESolver_KS_PW,before_scf,0.06,1,0.06,1.67
004_PW_UPF201_Si,4,1,1,Operator,hPsi,0.76,4371,0.0,20.25
004_PW_UPF201_Si,4,1,1,PW_Basis_K,recip2real,0.38,5037,0.0,10.06
004_PW_UPF201_Si,4,1,1,PW_Basis_K,real2recip,0.36,4677,0.0,9.6
004_PW_UPF201_Si,4,1,1,DiagoCG,diag_once,0.78,60,0.01,20.68
004_PW_UPF201_Si,4,1,1,DiagoIterAssist,diag_subspace,0.06,57,0.0,1.55
004_PW_UPF201_Si,4,1,2,Operator,hPsi,0.75,4371,0.0,34.01
004_PW_UPF201_Si,4,1,2,PW_Basis_K,recip2real,0.38,5037,0.0,17.15
004_PW_UPF201_Si,4,1,2,PW_Basis_K,real2recip,0.35,4677,0.0,15.85
004_PW_UPF201_Si,4,1,2,DiagoCG,diag_once,0.76,60,0.01,34.27
004_PW_UPF201_Si,4,1,2,DiagoIterAssist,diag_subspace,0.06,57,0.0,2.58
004_PW_UPF201_Si,4,1,3,Operator,hPsi,0.8,4371,0.0,33.47
004_PW_UPF201_Si,4,1,3,PW_Basis_K,recip2real,0.39,5037,0.0,16.41
004_PW_UPF201_Si,4,1,3,PW_Basis_K,real2recip,0.38,4677,0.0,16.08
004_PW_UPF201_Si,4,1,3,DiagoCG,diag_once,0.8,60,0.01,33.66
004_PW_UPF201_Si,4,1,3,DiagoIterAssist,diag_subspace,0.06,57,0.0,2.64
004_PW_UPF201_Si,4,2,1,Operator,hPsi,1.2,4735,0.0,43.17
004_PW_UPF201_Si,4,2,1,PW_Basis_K,recip2real,0.55,5401,0.0,19.82
004_PW_UPF201_Si,4,2,1,PW_Basis_K,real2recip,0.58,5041,0.0,20.77
004_PW_UPF201_Si,4,2,1,DiagoCG,diag_once,1.27,60,0.02,45.55
004_PW_UPF201_Si,4,2,1,DiagoIterAssist,diag_subspace,0.09,57,0.0,3.07
004_PW_UPF201_Si,4,2,2,Operator,hPsi,1.23,4735,0.0,52.98
004_PW_UPF201_Si,4,2,2,PW_Basis_K,recip2real,0.55,5401,0.0,23.89
004_PW_UPF201_Si,4,2,2,PW_Basis_K,real2recip,0.61,5041,0.0,26.33
004_PW_UPF201_Si,4,2,2,DiagoCG,diag_once,1.29,60,0.02,55.85
004_PW_UPF201_Si,4,2,2,DiagoIterAssist,diag_subspace,0.08,57,0.0,3.62
004_PW_UPF201_Si,4,2,3,Operator,hPsi,1.2,4735,0.0,39.29
004_PW_UPF201_Si,4,2,3,PW_Basis_K,recip2real,0.55,5401,0.0,17.94
004_PW_UPF201_Si,4,2,3,PW_Basis_K,real2recip,0.59,5041,0.0,19.31
004_PW_UPF201_Si,4,2,3,DiagoCG,diag_once,1.25,60,0.02,41.12
004_PW_UPF201_Si,4,2,3,DiagoIterAssist,diag_subspace,0.09,57,0.0,2.81
004_Si_large,1,1,1,Operator,hPsi,5.83,5460,0.0,67.57
004_Si_large,1,1,1,PW_Basis_K,recip2real,2.95,6126,0.0,34.25
004_Si_large,1,1,1,PW_Basis_K,real2recip,2.61,5766,0.0,30.21
004_Si_large,1,1,1,DiagoCG,diag_once,5.74,60,0.1,66.53
004_Si_large,1,1,1,DiagoIterAssist,diag_subspace,0.35,57,0.01,4.07
004_Si_large,1,1,2,Operator,hPsi,5.5,5460,0.0,66.22
004_Si_large,1,1,2,PW_Basis_K,recip2real,2.8,6126,0.0,33.65
004_Si_large,1,1,2,PW_Basis_K,real2recip,2.45,5766,0.0,29.5
004_Si_large,1,1,2,DiagoCG,diag_once,5.42,60,0.09,65.21
004_Si_large,1,1,2,DiagoIterAssist,diag_subspace,0.33,57,0.01,4.02
004_Si_large,1,1,3,Operator,hPsi,5.68,5460,0.0,79.91
004_Si_large,1,1,3,PW_Basis_K,recip2real,2.9,6126,0.0,40.74
004_Si_large,1,1,3,PW_Basis_K,real2recip,2.52,5766,0.0,35.5
004_Si_large,1,1,3,DiagoCG,diag_once,5.59,60,0.09,78.66
004_Si_large,1,1,3,DiagoIterAssist,diag_subspace,0.36,57,0.01,5.01
004_Si_large,2,4,1,Operator,hPsi,2.66,5430,0.0,72.12
004_Si_large,2,4,1,PW_Basis_K,recip2real,1.33,6096,0.0,36.04
004_Si_large,2,4,1,PW_Basis_K,real2recip,1.2,5736,0.0,32.46
004_Si_large,2,4,1,DiagoCG,diag_once,2.86,60,0.05,77.54
004_Si_large,2,4,1,DiagoIterAssist,diag_subspace,0.18,57,0.0,4.79
004_Si_large,2,4,2,ESolver_KS_PW,before_scf,0.03,1,0.03,1.2
004_Si_large,2,4,2,PW_Basis_Sup,real2recip,0.02,62,0.0,1.01
004_Si_large,2,4,2,Operator,hPsi,1.57,3190,0.0,64.92
004_Si_large,2,4,2,PW_Basis_K,recip2real,0.79,3696,0.0,32.54
004_Si_large,2,4,2,PW_Basis_K,real2recip,0.71,3426,0.0,29.51
004_Si_large,2,4,2,DiagoCG,diag_once,1.61,46,0.03,66.5
004_Si_large,2,4,2,DiagoIterAssist,diag_subspace,0.13,43,0.0,5.37
004_Si_large,2,4,3,Operator,hPsi,2.55,5278,0.0,72.19
004_Si_large,2,4,3,PW_Basis_K,recip2real,1.29,5944,0.0,36.38
004_Si_large,2,4,3,PW_Basis_K,real2recip,1.16,5584,0.0,32.71
004_Si_large,2,4,3,DiagoCG,diag_once,2.72,60,0.05,76.93
004_Si_large,2,4,3,DiagoIterAssist,diag_subspace,0.17,57,0.0,4.7
004_Si_large,4,1,1,Operator,hPsi,1.59,5117,0.0,66.1
004_Si_large,4,1,1,PW_Basis_K,recip2real,0.79,5788,0.0,32.97
004_Si_large,4,1,1,PW_Basis_K,real2recip,0.74,5428,0.0,30.87
004_Si_large,4,1,1,DiagoCG,diag_once,1.6,61,0.03,66.41
004_Si_large,4,1,1,DiagoIterAssist,diag_subspace,0.11,58,0.0,4.58
004_Si_large,4,1,2,Operator,hPsi,1.55,5117,0.0,59.77
004_Si_large,4,1,2,PW_Basis_K,recip2real,0.78,5788,0.0,30.11
004_Si_large,4,1,2,PW_Basis_K,real2recip,0.71,5428,0.0,27.52
004_Si_large,4,1,2,DiagoCG,diag_once,1.56,61,0.03,60.19
004_Si_large,4,1,2,DiagoIterAssist,diag_subspace,0.1,58,0.0,4.01
004_Si_large,4,1,3,Operator,hPsi,1.63,5117,0.0,57.6
004_Si_large,4,1,3,PW_Basis_K,recip2real,0.8,5788,0.0,28.49
004_Si_large,4,1,3,PW_Basis_K,real2recip,0.75,5428,0.0,26.74
004_Si_large,4,1,3,DiagoCG,diag_once,1.63,61,0.03,57.77
004_Si_large,4,1,3,DiagoIterAssist,diag_subspace,0.12,58,0.0,4.18
004_Si_large,4,2,3,PW_Basis_Sup,recip2real,0.01,35,0.0,1.24
004_Si_large,4,2,3,ESolver_KS_PW,before_scf,0.03,1,0.03,3.37
004_Si_large,4,2,3,PW_Basis_Sup,real2recip,0.02,42,0.0,1.78
004_Si_large,4,2,3,PSIPrepare,initialize_psi,0.02,1,0.02,1.81
004_Si_large,4,2,3,Operator,hPsi,0.39,711,0.0,39.37
004_Si_large,4,2,3,PW_Basis_K,recip2real,0.2,1052,0.0,19.94
004_Si_large,4,2,3,PW_Basis_K,real2recip,0.19,872,0.0,19.76
004_Si_large,4,2,3,DiagoCG,diag_once,0.31,31,0.01,31.83
004_Si_large,4,2,3,DiagoIterAssist,diag_subspace,0.08,28,0.0,8.07
004_Si_medium,1,1,1,Operator,hPsi,3.1,5555,0.0,60.96
004_Si_medium,1,1,1,PW_Basis_K,recip2real,1.61,6221,0.0,31.6
004_Si_medium,1,1,1,PW_Basis_K,real2recip,1.4,5861,0.0,27.45
004_Si_medium,1,1,1,DiagoCG,diag_once,3.05,60,0.05,59.93
004_Si_medium,1,1,1,DiagoIterAssist,diag_subspace,0.19,57,0.0,3.71
004_Si_medium,1,1,2,ESolver_KS_PW,before_scf,0.04,1,0.04,1.04
004_Si_medium,1,1,2,Operator,hPsi,3.13,5555,0.0,77.87
004_Si_medium,1,1,2,PW_Basis_K,recip2real,1.62,6221,0.0,40.33
004_Si_medium,1,1,2,PW_Basis_K,real2recip,1.41,5861,0.0,35.19
004_Si_medium,1,1,2,DiagoCG,diag_once,3.07,60,0.05,76.42
004_Si_medium,1,1,2,DiagoIterAssist,diag_subspace,0.19,57,0.0,4.71
004_Si_medium,1,1,3,Operator,hPsi,3.15,5555,0.0,80.97
004_Si_medium,1,1,3,PW_Basis_K,recip2real,1.64,6221,0.0,42.14
004_Si_medium,1,1,3,PW_Basis_K,real2recip,1.42,5861,0.0,36.36
004_Si_medium,1,1,3,DiagoCG,diag_once,3.1,60,0.05,79.47
004_Si_medium,1,1,3,DiagoIterAssist,diag_subspace,0.19,57,0.0,4.89
004_Si_medium,2,4,1,ESolver_KS_PW,before_scf,0.03,1,0.03,1.74
004_Si_medium,2,4,1,PW_Basis_Sup,real2recip,0.02,58,0.0,1.44
004_Si_medium,2,4,1,PSIPrepare,initialize_psi,0.02,1,0.02,1.26
004_Si_medium,2,4,1,Operator,hPsi,0.99,2278,0.0,65.57
004_Si_medium,2,4,1,PW_Basis_K,recip2real,0.51,2751,0.0,33.46
004_Si_medium,2,4,1,PW_Basis_K,real2recip,0.47,2499,0.0,30.96
004_Si_medium,2,4,1,DiagoCG,diag_once,0.96,43,0.02,63.39
004_Si_medium,2,4,1,DiagoIterAssist,diag_subspace,0.1,40,0.0,6.37
004_Si_medium,2,4,2,ESolver_KS_PW,before_scf,0.03,1,0.03,1.55
004_Si_medium,2,4,2,PW_Basis_Sup,real2recip,0.02,54,0.0,1.02
004_Si_medium,2,4,2,PSIPrepare,initialize_psi,0.02,1,0.02,1.01
004_Si_medium,2,4,2,Operator,hPsi,0.99,2329,0.0,58.87
004_Si_medium,2,4,2,PW_Basis_K,recip2real,0.49,2779,0.0,29.0
004_Si_medium,2,4,2,PW_Basis_K,real2recip,0.5,2545,0.0,29.54
004_Si_medium,2,4,2,DiagoCG,diag_once,0.95,42,0.02,56.75
004_Si_medium,2,4,2,DiagoIterAssist,diag_subspace,0.09,39,0.0,5.58
004_Si_medium,2,4,3,Operator,hPsi,2.02,4710,0.0,58.89
004_Si_medium,2,4,3,PW_Basis_K,recip2real,1.0,5376,0.0,29.23
004_Si_medium,2,4,3,PW_Basis_K,real2recip,0.98,5016,0.0,28.4
004_Si_medium,2,4,3,DiagoCG,diag_once,2.06,60,0.03,59.98
004_Si_medium,2,4,3,DiagoIterAssist,diag_subspace,0.15,57,0.0,4.42
004_Si_medium,4,1,1,Operator,hPsi,0.79,4371,0.0,45.74
004_Si_medium,4,1,1,PW_Basis_K,recip2real,0.39,5037,0.0,22.22
004_Si_medium,4,1,1,PW_Basis_K,real2recip,0.38,4677,0.0,21.86
004_Si_medium,4,1,1,DiagoCG,diag_once,0.8,60,0.01,45.99
004_Si_medium,4,1,1,DiagoIterAssist,diag_subspace,0.06,57,0.0,3.43
004_Si_medium,4,1,2,Operator,hPsi,0.8,4371,0.0,43.86
004_Si_medium,4,1,2,PW_Basis_K,recip2real,0.39,5037,0.0,21.44
004_Si_medium,4,1,2,PW_Basis_K,real2recip,0.38,4677,0.0,20.86
004_Si_medium,4,1,2,DiagoCG,diag_once,0.81,60,0.01,44.19
004_Si_medium,4,1,2,DiagoIterAssist,diag_subspace,0.06,57,0.0,3.28
004_Si_medium,4,1,3,Operator,hPsi,0.78,4371,0.0,54.02
004_Si_medium,4,1,3,PW_Basis_K,recip2real,0.38,5037,0.0,26.47
004_Si_medium,4,1,3,PW_Basis_K,real2recip,0.37,4677,0.0,25.5
004_Si_medium,4,1,3,DiagoCG,diag_once,0.78,60,0.01,54.26
004_Si_medium,4,1,3,DiagoIterAssist,diag_subspace,0.06,57,0.0,4.2
004_Si_medium,4,2,1,Operator,hPsi,1.27,4735,0.0,64.22
004_Si_medium,4,2,1,PW_Basis_K,recip2real,0.58,5401,0.0,29.09
004_Si_medium,4,2,1,PW_Basis_K,real2recip,0.63,5041,0.0,31.87
004_Si_medium,4,2,1,DiagoCG,diag_once,1.35,60,0.02,67.77
004_Si_medium,4,2,1,DiagoIterAssist,diag_subspace,0.09,57,0.0,4.52
004_Si_medium,4,2,2,Operator,hPsi,1.27,4735,0.0,48.45
004_Si_medium,4,2,2,PW_Basis_K,recip2real,0.58,5401,0.0,22.13
004_Si_medium,4,2,2,PW_Basis_K,real2recip,0.62,5041,0.0,23.63
004_Si_medium,4,2,2,DiagoCG,diag_once,1.34,60,0.02,51.08
004_Si_medium,4,2,2,DiagoIterAssist,diag_subspace,0.09,57,0.0,3.46
004_Si_medium,4,2,3,Operator,hPsi,1.25,4735,0.0,46.41
004_Si_medium,4,2,3,PW_Basis_K,recip2real,0.57,5401,0.0,20.93
004_Si_medium,4,2,3,PW_Basis_K,real2recip,0.62,5041,0.0,22.89
004_Si_medium,4,2,3,DiagoCG,diag_once,1.33,60,0.02,49.16
004_Si_medium,4,2,3,DiagoIterAssist,diag_subspace,0.09,57,0.0,3.33
004_Si_small,1,1,1,Operator,hPsi,0.19,1022,0.0,5.57
004_Si_small,1,1,1,PW_Basis_K,recip2real,0.11,1688,0.0,3.26
004_Si_small,1,1,1,PW_Basis_K,real2recip,0.08,1328,0.0,2.46
004_Si_small,1,1,1,DiagoCG,diag_once,0.14,60,0.0,4.18
004_Si_small,1,1,1,DiagoIterAssist,diag_subspace,0.05,57,0.0,1.56
004_Si_small,1,1,2,Operator,hPsi,0.15,1022,0.0,2.51
004_Si_small,1,1,2,PW_Basis_K,recip2real,0.09,1688,0.0,1.57
004_Si_small,1,1,2,PW_Basis_K,real2recip,0.07,1328,0.0,1.09
004_Si_small,1,1,2,DiagoCG,diag_once,0.11,60,0.0,1.9
004_Si_small,1,1,3,Operator,hPsi,0.14,1022,0.0,11.79
004_Si_small,1,1,3,PW_Basis_K,recip2real,0.09,1688,0.0,7.27
004_Si_small,1,1,3,PW_Basis_K,real2recip,0.06,1328,0.0,5.14
004_Si_small,1,1,3,DiagoCG,diag_once,0.11,60,0.0,8.95
004_Si_small,1,1,3,DiagoIterAssist,diag_subspace,0.04,57,0.0,3.19
004_Si_small,2,4,1,Operator,hPsi,0.12,1142,0.0,7.16
004_Si_small,2,4,1,PW_Basis_K,recip2real,0.07,1808,0.0,4.24
004_Si_small,2,4,1,PW_Basis_K,real2recip,0.05,1448,0.0,3.1
004_Si_small,2,4,1,DiagoCG,diag_once,0.11,60,0.0,6.62
004_Si_small,2,4,1,DiagoIterAssist,diag_subspace,0.03,57,0.0,1.74
004_Si_small,2,4,2,Operator,hPsi,0.35,3877,0.0,12.39
004_Si_small,2,4,2,PW_Basis_K,recip2real,0.18,4543,0.0,6.13
004_Si_small,2,4,2,PW_Basis_K,real2recip,0.15,4183,0.0,5.23
004_Si_small,2,4,2,DiagoCG,diag_once,0.4,60,0.01,14.01
004_Si_small,2,4,2,DiagoIterAssist,diag_subspace,0.03,57,0.0,1.1
004_Si_small,2,4,3,Operator,hPsi,0.38,4128,0.0,10.07
004_Si_small,2,4,3,PW_Basis_K,recip2real,0.18,4794,0.0,4.9
004_Si_small,2,4,3,PW_Basis_K,real2recip,0.16,4434,0.0,4.33
004_Si_small,2,4,3,DiagoCG,diag_once,0.43,60,0.01,11.37
004_Si_small,4,1,1,Operator,hPsi,0.21,4979,0.0,9.27
004_Si_small,4,1,1,PW_Basis_K,recip2real,0.1,5645,0.0,4.28
004_Si_small,4,1,1,PW_Basis_K,real2recip,0.09,5285,0.0,4.14
004_Si_small,4,1,1,DiagoCG,diag_once,0.24,60,0.0,10.87
004_Si_small,4,1,2,Operator,hPsi,0.2,4979,0.0,6.51
004_Si_small,4,1,2,PW_Basis_K,recip2real,0.09,5645,0.0,3.13
004_Si_small,4,1,2,PW_Basis_K,real2recip,0.09,5285,0.0,2.83
004_Si_small,4,1,2,DiagoCG,diag_once,0.23,60,0.0,7.55
004_Si_small,4,1,3,Operator,hPsi,0.21,4979,0.0,7.92
004_Si_small,4,1,3,PW_Basis_K,recip2real,0.09,5645,0.0,3.59
004_Si_small,4,1,3,PW_Basis_K,real2recip,0.09,5285,0.0,3.62
004_Si_small,4,1,3,DiagoCG,diag_once,0.24,60,0.0,9.24
004_Si_small,4,2,1,Operator,hPsi,0.33,4198,0.0,14.58
004_Si_small,4,2,1,PW_Basis_K,recip2real,0.15,4864,0.0,6.59
004_Si_small,4,2,1,PW_Basis_K,real2recip,0.15,4504,0.0,6.67
004_Si_small,4,2,1,DiagoCG,diag_once,0.38,60,0.01,17.0
004_Si_small,4,2,1,DiagoIterAssist,diag_subspace,0.03,57,0.0,1.39
004_Si_small,4,2,2,Operator,hPsi,0.34,4198,0.0,9.13
004_Si_small,4,2,2,PW_Basis_K,recip2real,0.15,4864,0.0,4.12
004_Si_small,4,2,2,PW_Basis_K,real2recip,0.15,4504,0.0,4.13
004_Si_small,4,2,2,DiagoCG,diag_once,0.41,60,0.01,10.96
004_Si_small,4,2,3,Operator,hPsi,0.33,4198,0.0,10.31
004_Si_small,4,2,3,PW_Basis_K,recip2real,0.15,4864,0.0,4.65
004_Si_small,4,2,3,PW_Basis_K,real2recip,0.15,4504,0.0,4.68
004_Si_small,4,2,3,DiagoCG,diag_once,0.39,60,0.01,12.4
026_PW_KPAR,2,4,2,Operator,hPsi,2.38,4020,0.0,53.4
026_PW_KPAR,2,4,2,PW_Basis_K,recip2real,1.24,4464,0.0,27.92
026_PW_KPAR,2,4,2,PW_Basis_K,real2recip,1.1,4224,0.0,24.59
026_PW_KPAR,2,4,2,DiagoCG,diag_once,2.4,40,0.06,53.85
026_PW_KPAR,2,4,2,DiagoIterAssist,diag_subspace,0.14,38,0.0,3.03
026_PW_KPAR,2,4,3,PW_Basis_Sup,real2recip,0.04,83,0.0,1.21
026_PW_KPAR,2,4,3,Operator,hPsi,1.73,2828,0.0,52.92
026_PW_KPAR,2,4,3,PW_Basis_K,recip2real,0.93,3272,0.0,28.39
026_PW_KPAR,2,4,3,PW_Basis_K,real2recip,0.79,3032,0.0,24.25
026_PW_KPAR,2,4,3,DiagoCG,diag_once,1.7,40,0.04,51.83
026_PW_KPAR,2,4,3,DiagoIterAssist,diag_subspace,0.15,38,0.0,4.5
026_PW_KPAR,4,1,1,Operator,hPsi,1.1,3644,0.0,32.28
026_PW_KPAR,4,1,1,PW_Basis_K,recip2real,0.56,4088,0.0,16.48
026_PW_KPAR,4,1,1,PW_Basis_K,real2recip,0.51,3848,0.0,14.99
026_PW_KPAR,4,1,1,DiagoCG,diag_once,1.11,40,0.03,32.44
026_PW_KPAR,4,1,1,DiagoIterAssist,diag_subspace,0.07,38,0.0,2.09
026_PW_KPAR,4,1,2,Operator,hPsi,1.08,3644,0.0,37.19
026_PW_KPAR,4,1,2,PW_Basis_K,recip2real,0.54,4088,0.0,18.75
026_PW_KPAR,4,1,2,PW_Basis_K,real2recip,0.5,3848,0.0,17.42
026_PW_KPAR,4,1,2,DiagoCG,diag_once,1.07,40,0.03,36.85
026_PW_KPAR,4,1,2,DiagoIterAssist,diag_subspace,0.07,38,0.0,2.33
026_PW_KPAR,4,1,3,ESolver_KS_PW,before_scf,0.04,1,0.04,1.08
026_PW_KPAR,4,1,3,Operator,hPsi,1.1,3644,0.0,30.52
026_PW_KPAR,4,1,3,PW_Basis_K,recip2real,0.56,4088,0.0,15.68
026_PW_KPAR,4,1,3,PW_Basis_K,real2recip,0.5,3848,0.0,14.0
026_PW_KPAR,4,1,3,DiagoCG,diag_once,1.09,40,0.03,30.23
026_PW_KPAR,4,1,3,DiagoIterAssist,diag_subspace,0.07,38,0.0,1.89
026_PW_KPAR,4,2,1,Operator,hPsi,1.0,2708,0.0,39.54
026_PW_KPAR,4,2,1,PW_Basis_K,recip2real,0.47,3152,0.0,18.57
026_PW_KPAR,4,2,1,PW_Basis_K,real2recip,0.51,2912,0.0,20.17
026_PW_KPAR,4,2,1,DiagoCG,diag_once,0.99,40,0.02,39.0
026_PW_KPAR,4,2,1,DiagoIterAssist,diag_subspace,0.09,38,0.0,3.72
026_PW_KPAR,4,2,2,PW_Basis_Sup,real2recip,0.02,83,0.0,1.25
026_PW_KPAR,4,2,2,Operator,hPsi,1.0,2708,0.0,51.3
026_PW_KPAR,4,2,2,PW_Basis_K,recip2real,0.5,3152,0.0,25.71
026_PW_KPAR,4,2,2,PW_Basis_K,real2recip,0.48,2912,0.0,24.4
026_PW_KPAR,4,2,2,DiagoCG,diag_once,1.0,40,0.02,51.12
026_PW_KPAR,4,2,2,DiagoIterAssist,diag_subspace,0.09,38,0.0,4.57
026_PW_KPAR,4,2,3,PW_Basis_Sup,real2recip,0.02,83,0.0,1.25
026_PW_KPAR,4,2,3,Operator,hPsi,1.0,2708,0.0,52.32
026_PW_KPAR,4,2,3,PW_Basis_K,recip2real,0.48,3152,0.0,24.78
026_PW_KPAR,4,2,3,PW_Basis_K,real2recip,0.51,2912,0.0,26.35
026_PW_KPAR,4,2,3,DiagoCG,diag_once,1.01,40,0.03,52.58
026_PW_KPAR,4,2,3,DiagoIterAssist,diag_subspace,0.09,38,0.0,4.52
814_PW_LT_triclinic,1,1,1,PW_Basis_Sup,recip2real,1.25,305,0.0,2.2
814_PW_LT_triclinic,1,1,1,PW_Basis_Sup,real2recip,1.37,406,0.0,2.42
814_PW_LT_triclinic,1,1,1,DiagoIterAssist,diag_subspace,1.81,100,0.02,3.2
814_PW_LT_triclinic,1,1,1,Operator,hPsi,38.25,9019,0.0,67.48
814_PW_LT_triclinic,1,1,1,PW_Basis_K,recip2real,19.26,9719,0.0,33.97
814_PW_LT_triclinic,1,1,1,PW_Basis_K,real2recip,16.75,9319,0.0,29.55
814_PW_LT_triclinic,1,1,1,DiagoCG,diag_once,38.96,100,0.39,68.72
814_PW_LT_triclinic,1,1,2,PW_Basis_Sup,recip2real,1.25,305,0.0,2.32
814_PW_LT_triclinic,1,1,2,PW_Basis_Sup,real2recip,1.38,406,0.0,2.58
814_PW_LT_triclinic,1,1,2,DiagoIterAssist,diag_subspace,1.82,100,0.02,3.39
814_PW_LT_triclinic,1,1,2,Operator,hPsi,38.91,9019,0.0,72.5
814_PW_LT_triclinic,1,1,2,PW_Basis_K,recip2real,19.6,9719,0.0,36.53
814_PW_LT_triclinic,1,1,2,PW_Basis_K,real2recip,16.93,9319,0.0,31.54
814_PW_LT_triclinic,1,1,2,DiagoCG,diag_once,39.77,100,0.4,74.11
814_PW_LT_triclinic,1,1,3,PW_Basis_Sup,recip2real,1.19,305,0.0,2.22
814_PW_LT_triclinic,1,1,3,PW_Basis_Sup,real2recip,1.33,406,0.0,2.49
814_PW_LT_triclinic,1,1,3,DiagoIterAssist,diag_subspace,1.81,100,0.02,3.39
814_PW_LT_triclinic,1,1,3,Operator,hPsi,37.93,9019,0.0,70.88
814_PW_LT_triclinic,1,1,3,PW_Basis_K,recip2real,19.2,9719,0.0,35.87
814_PW_LT_triclinic,1,1,3,PW_Basis_K,real2recip,16.63,9319,0.0,31.07
814_PW_LT_triclinic,1,1,3,DiagoCG,diag_once,38.64,100,0.39,72.19
814_PW_LT_triclinic,2,4,1,PW_Basis_Sup,recip2real,1.13,305,0.0,5.12
814_PW_LT_triclinic,2,4,1,PW_Basis_Sup,real2recip,1.56,406,0.0,7.07
814_PW_LT_triclinic,2,4,1,DiagoIterAssist,diag_subspace,0.78,100,0.01,3.52
814_PW_LT_triclinic,2,4,1,Operator,hPsi,13.44,7711,0.0,60.86
814_PW_LT_triclinic,2,4,1,PW_Basis_K,recip2real,6.59,8411,0.0,29.84
814_PW_LT_triclinic,2,4,1,PW_Basis_K,real2recip,6.62,8011,0.0,29.99
814_PW_LT_triclinic,2,4,1,DiagoCG,diag_once,14.23,100,0.14,64.45
814_PW_LT_triclinic,2,4,2,PW_Basis_Sup,recip2real,1.12,305,0.0,5.12
814_PW_LT_triclinic,2,4,2,PW_Basis_Sup,real2recip,1.56,406,0.0,7.16
814_PW_LT_triclinic,2,4,2,DiagoIterAssist,diag_subspace,0.75,100,0.01,3.44
814_PW_LT_triclinic,2,4,2,Operator,hPsi,12.87,7647,0.0,59.0
814_PW_LT_triclinic,2,4,2,PW_Basis_K,recip2real,6.43,8347,0.0,29.48
814_PW_LT_triclinic,2,4,2,PW_Basis_K,real2recip,6.29,7947,0.0,28.83
814_PW_LT_triclinic,2,4,2,DiagoCG,diag_once,13.64,100,0.14,62.55
814_PW_LT_triclinic,2,4,3,PW_Basis_Sup,recip2real,1.1,305,0.0,5.2
814_PW_LT_triclinic,2,4,3,PW_Basis_Sup,real2recip,1.5,406,0.0,7.13
814_PW_LT_triclinic,2,4,3,DiagoIterAssist,diag_subspace,0.76,100,0.01,3.58
814_PW_LT_triclinic,2,4,3,Operator,hPsi,12.43,7264,0.0,58.92
814_PW_LT_triclinic,2,4,3,PW_Basis_K,recip2real,6.19,7964,0.0,29.35
814_PW_LT_triclinic,2,4,3,PW_Basis_K,real2recip,6.12,7564,0.0,29.02
814_PW_LT_triclinic,2,4,3,DiagoCG,diag_once,13.05,100,0.13,61.83
814_PW_LT_triclinic,4,1,1,PW_Basis_Sup,recip2real,0.36,305,0.0,2.24
814_PW_LT_triclinic,4,1,1,PW_Basis_Sup,real2recip,0.41,406,0.0,2.6
814_PW_LT_triclinic,4,1,1,DiagoIterAssist,diag_subspace,0.48,100,0.0,3.06
814_PW_LT_triclinic,4,1,1,Operator,hPsi,7.99,7260,0.0,50.51
814_PW_LT_triclinic,4,1,1,PW_Basis_K,recip2real,3.97,7960,0.0,25.1
814_PW_LT_triclinic,4,1,1,PW_Basis_K,real2recip,3.74,7560,0.0,23.63
814_PW_LT_triclinic,4,1,1,DiagoCG,diag_once,8.17,100,0.08,51.59
814_PW_LT_triclinic,4,1,2,PW_Basis_Sup,recip2real,0.35,305,0.0,2.29
814_PW_LT_triclinic,4,1,2,PW_Basis_Sup,real2recip,0.4,406,0.0,2.62
814_PW_LT_triclinic,4,1,2,DiagoIterAssist,diag_subspace,0.49,100,0.0,3.23
814_PW_LT_triclinic,4,1,2,Operator,hPsi,8.01,7260,0.0,52.6
814_PW_LT_triclinic,4,1,2,PW_Basis_K,recip2real,4.0,7960,0.0,26.25
814_PW_LT_triclinic,4,1,2,PW_Basis_K,real2recip,3.75,7560,0.0,24.59
814_PW_LT_triclinic,4,1,2,DiagoCG,diag_once,8.2,100,0.08,53.79
814_PW_LT_triclinic,4,1,3,PW_Basis_Sup,recip2real,0.35,305,0.0,2.13
814_PW_LT_triclinic,4,1,3,PW_Basis_Sup,real2recip,0.39,406,0.0,2.4
814_PW_LT_triclinic,4,1,3,DiagoIterAssist,diag_subspace,0.48,100,0.0,2.95
814_PW_LT_triclinic,4,1,3,Operator,hPsi,7.95,7260,0.0,48.68
814_PW_LT_triclinic,4,1,3,PW_Basis_K,recip2real,3.93,7960,0.0,24.06
814_PW_LT_triclinic,4,1,3,PW_Basis_K,real2recip,3.77,7560,0.0,23.08
814_PW_LT_triclinic,4,1,3,DiagoCG,diag_once,8.09,100,0.08,49.55
814_PW_LT_triclinic,4,2,1,PW_Basis_Sup,recip2real,0.34,305,0.0,1.9
814_PW_LT_triclinic,4,2,1,PW_Basis_Sup,real2recip,0.55,406,0.0,3.08
814_PW_LT_triclinic,4,2,1,DiagoIterAssist,diag_subspace,0.62,100,0.01,3.47
814_PW_LT_triclinic,4,2,1,Operator,hPsi,10.34,7333,0.0,57.44
814_PW_LT_triclinic,4,2,1,PW_Basis_K,recip2real,4.58,8033,0.0,25.44
814_PW_LT_triclinic,4,2,1,PW_Basis_K,real2recip,5.68,7633,0.0,31.55
814_PW_LT_triclinic,4,2,1,DiagoCG,diag_once,11.09,100,0.11,61.58
814_PW_LT_triclinic,4,2,2,PW_Basis_Sup,recip2real,0.34,305,0.0,2.04
814_PW_LT_triclinic,4,2,2,PW_Basis_Sup,real2recip,0.55,406,0.0,3.26
814_PW_LT_triclinic,4,2,2,DiagoIterAssist,diag_subspace,0.6,100,0.01,3.59
814_PW_LT_triclinic,4,2,2,Operator,hPsi,10.1,7333,0.0,60.01
814_PW_LT_triclinic,4,2,2,PW_Basis_K,recip2real,4.55,8033,0.0,27.01
814_PW_LT_triclinic,4,2,2,PW_Basis_K,real2recip,5.46,7633,0.0,32.46
814_PW_LT_triclinic,4,2,2,DiagoCG,diag_once,10.86,100,0.11,64.56
814_PW_LT_triclinic,4,2,3,PW_Basis_Sup,recip2real,0.35,305,0.0,1.94
814_PW_LT_triclinic,4,2,3,PW_Basis_Sup,real2recip,0.55,406,0.0,3.06
814_PW_LT_triclinic,4,2,3,DiagoIterAssist,diag_subspace,0.62,100,0.01,3.44
814_PW_LT_triclinic,4,2,3,Operator,hPsi,10.23,7333,0.0,56.97
814_PW_LT_triclinic,4,2,3,PW_Basis_K,recip2real,4.6,8033,0.0,25.63
814_PW_LT_triclinic,4,2,3,PW_Basis_K,real2recip,5.53,7633,0.0,30.81
814_PW_LT_triclinic,4,2,3,DiagoCG,diag_once,11.12,100,0.11,61.91
